-- ============================================================================
-- Seed: Lincoln University Men's Basketball 2025-26 Roster
-- 12 players with ratings
-- ============================================================================

-- Players
insert into public.players (id, full_name) values
  ('b0000000-0000-4000-8000-000000000001', 'Marcus Johnson'),
  ('b0000000-0000-4000-8000-000000000002', 'Darius Williams'),
  ('b0000000-0000-4000-8000-000000000003', 'Jaylen Carter'),
  ('b0000000-0000-4000-8000-000000000004', 'Trevon Mitchell'),
  ('b0000000-0000-4000-8000-000000000005', 'Andre Thomas'),
  ('b0000000-0000-4000-8000-000000000006', 'Khalil Brown'),
  ('b0000000-0000-4000-8000-000000000007', 'DeShawn Harris'),
  ('b0000000-0000-4000-8000-000000000008', 'Cameron Davis'),
  ('b0000000-0000-4000-8000-000000000009', 'Malik Robinson'),
  ('b0000000-0000-4000-8000-000000000010', 'Terrence Scott'),
  ('b0000000-0000-4000-8000-000000000011', 'Isaiah Moore'),
  ('b0000000-0000-4000-8000-000000000012', 'Jalen Wright')
on conflict do nothing;

-- Roster entries
insert into public.roster_entries (id, player_id, program_id, season_id, jersey_number, position, height, weight, class_year, status, scholarship_pct, nil_amount, gpa, notes) values
  ('c0000000-0000-4000-8000-000000000001', 'b0000000-0000-4000-8000-000000000001', 'a1b2c3d4-0002-4000-8000-000000000001', 'a1b2c3d4-0003-4000-8000-000000000001', '1',  'PG', '6-1', 175, 'Senior',    'available', 100, 12000, 3.4, 'Floor general. Team captain.'),
  ('c0000000-0000-4000-8000-000000000002', 'b0000000-0000-4000-8000-000000000002', 'a1b2c3d4-0002-4000-8000-000000000001', 'a1b2c3d4-0003-4000-8000-000000000001', '3',  'SG', '6-3', 190, 'Junior',    'available', 75,  8500,  3.1, 'Scoring guard. Can get hot from three.'),
  ('c0000000-0000-4000-8000-000000000003', 'b0000000-0000-4000-8000-000000000003', 'a1b2c3d4-0002-4000-8000-000000000001', 'a1b2c3d4-0003-4000-8000-000000000001', '5',  'SF', '6-5', 205, 'Senior',    'available', 100, 10000, 2.9, 'Two-way wing. Best defender on the team.'),
  ('c0000000-0000-4000-8000-000000000004', 'b0000000-0000-4000-8000-000000000004', 'a1b2c3d4-0002-4000-8000-000000000001', 'a1b2c3d4-0003-4000-8000-000000000001', '11', 'PF', '6-7', 220, 'Junior',    'available', 75,  6000,  2.7, 'Stretch four. Improving rebounder.'),
  ('c0000000-0000-4000-8000-000000000005', 'b0000000-0000-4000-8000-000000000005', 'a1b2c3d4-0002-4000-8000-000000000001', 'a1b2c3d4-0003-4000-8000-000000000001', '24', 'C',  '6-9', 240, 'Senior',    'available', 100, 5000,  2.5, 'Rim protector. Anchor of the defense.'),
  ('c0000000-0000-4000-8000-000000000006', 'b0000000-0000-4000-8000-000000000006', 'a1b2c3d4-0002-4000-8000-000000000001', 'a1b2c3d4-0003-4000-8000-000000000001', '2',  'PG', '6-0', 170, 'Sophomore', 'available', 50,  0,     3.2, 'Backup PG. Quick handles.'),
  ('c0000000-0000-4000-8000-000000000007', 'b0000000-0000-4000-8000-000000000007', 'a1b2c3d4-0002-4000-8000-000000000001', 'a1b2c3d4-0003-4000-8000-000000000001', '10', 'SG', '6-4', 195, 'Freshman',  'available', 25,  0,     3.5, 'Athletic. Needs experience.'),
  ('c0000000-0000-4000-8000-000000000008', 'b0000000-0000-4000-8000-000000000008', 'a1b2c3d4-0002-4000-8000-000000000001', 'a1b2c3d4-0003-4000-8000-000000000001', '15', 'SF', '6-6', 210, 'Junior',    'available', 50,  3500,  2.8, 'Versatile wing. Good in transition.'),
  ('c0000000-0000-4000-8000-000000000009', 'b0000000-0000-4000-8000-000000000009', 'a1b2c3d4-0002-4000-8000-000000000001', 'a1b2c3d4-0003-4000-8000-000000000001', '21', 'PF', '6-8', 230, 'Sophomore', 'available', 40,  0,     2.3, 'Physical. Developing post moves.'),
  ('c0000000-0000-4000-8000-000000000010', 'b0000000-0000-4000-8000-000000000010', 'a1b2c3d4-0002-4000-8000-000000000001', 'a1b2c3d4-0003-4000-8000-000000000001', '33', 'C',  '6-10', 245, 'Freshman', 'available', 25,  0,     3.0, 'Raw but long. Project big.'),
  ('c0000000-0000-4000-8000-000000000011', 'b0000000-0000-4000-8000-000000000011', 'a1b2c3d4-0002-4000-8000-000000000001', 'a1b2c3d4-0003-4000-8000-000000000001', '4',  'SG', '6-2', 185, 'Senior',    'injured',   75,  4000,  3.3, 'Sharpshooter. Out with ankle sprain.'),
  ('c0000000-0000-4000-8000-000000000012', 'b0000000-0000-4000-8000-000000000012', 'a1b2c3d4-0002-4000-8000-000000000001', 'a1b2c3d4-0003-4000-8000-000000000001', '0',  'PG', '6-1', 180, 'Freshman',  'redshirt',  0,   0,     3.6, 'Redshirt year. Learning the system.')
on conflict do nothing;

-- Player ratings
insert into public.player_ratings (roster_entry_id, kr, off_kr, def_kr, archetype, shooting, finishing, playmaking, on_ball_defense, team_defense, rebounding, physical, ppg, rpg, apg, spg, bpg, fg_pct, three_pct, ft_pct, gp, minutes, usage) values
  ('c0000000-0000-4000-8000-000000000001', 78, 80, 75, 'floor_general',           74, 70, 86, 78, 68, 62, 72, 14.2, 3.1, 6.8, 1.4, 0.2, 44.5, 36.2, 82.1, 28, 32.5, 24.1),
  ('c0000000-0000-4000-8000-000000000002', 74, 78, 68, 'scoring_guard',            82, 72, 68, 64, 58, 54, 66, 16.8, 2.4, 2.1, 0.9, 0.1, 43.8, 38.5, 79.4, 28, 30.2, 26.3),
  ('c0000000-0000-4000-8000-000000000003', 76, 74, 79, 'two_way_wing',             70, 76, 72, 82, 78, 74, 80, 13.5, 5.2, 2.8, 1.8, 0.6, 46.2, 34.1, 76.8, 28, 33.1, 21.5),
  ('c0000000-0000-4000-8000-000000000004', 72, 74, 70, 'stretch_four',             78, 68, 58, 66, 72, 76, 74, 12.4, 7.1, 1.4, 0.6, 0.8, 45.1, 35.8, 74.2, 28, 28.4, 19.8),
  ('c0000000-0000-4000-8000-000000000005', 71, 65, 78, 'rim_protector',            48, 74, 52, 68, 84, 82, 80, 8.6,  8.4, 1.1, 0.5, 2.4, 54.2, 0.0,  62.5, 28, 26.8, 14.2),
  ('c0000000-0000-4000-8000-000000000006', 62, 64, 58, 'combo_guard',              64, 58, 72, 60, 52, 48, 58, 6.2,  1.8, 3.4, 0.8, 0.1, 40.2, 32.1, 80.0, 26, 18.5, 16.4),
  ('c0000000-0000-4000-8000-000000000007', 56, 58, 54, 'athletic_wing',            56, 62, 48, 58, 50, 52, 68, 4.8,  2.2, 0.8, 0.6, 0.3, 38.5, 28.4, 72.1, 22, 12.4, 12.8),
  ('c0000000-0000-4000-8000-000000000008', 68, 70, 66, 'versatile_wing',           66, 72, 64, 68, 62, 66, 72, 10.2, 4.1, 2.2, 1.1, 0.4, 44.8, 33.6, 77.5, 28, 24.6, 18.2),
  ('c0000000-0000-4000-8000-000000000009', 58, 54, 62, 'power_forward',            50, 66, 44, 60, 64, 72, 76, 5.4,  5.8, 0.6, 0.4, 0.6, 48.2, 18.5, 65.4, 24, 16.2, 13.5),
  ('c0000000-0000-4000-8000-000000000010', 52, 48, 56, 'rim_protector',            42, 58, 38, 54, 62, 64, 70, 3.2,  4.2, 0.4, 0.2, 1.2, 52.1, 0.0,  58.8, 18, 10.8, 10.2),
  ('c0000000-0000-4000-8000-000000000011', 70, 76, 62, 'sharpshooter',             86, 60, 62, 58, 56, 50, 60, 11.8, 2.0, 1.6, 0.7, 0.1, 42.4, 40.2, 88.5, 20, 26.2, 20.4),
  ('c0000000-0000-4000-8000-000000000012', 45, 46, 44, 'developing_guard',         50, 48, 56, 48, 42, 40, 52, 0.0,  0.0, 0.0, 0.0, 0.0, 0.0,  0.0,  0.0,  0,  0.0,  0.0)
on conflict do nothing;
